--
-- PostgreSQL database dump
--

-- Dumped from database version 15.3 (Ubuntu 15.3-1.pgdg22.04+1)
-- Dumped by pg_dump version 15.3 (Ubuntu 15.3-1.pgdg22.04+1)

SET statement_timeout = 0;
SET lock_timeout = 0;
SET idle_in_transaction_session_timeout = 0;
SET client_encoding = 'UTF8';
SET standard_conforming_strings = on;
SELECT pg_catalog.set_config('search_path', '', false);
SET check_function_bodies = false;
SET xmloption = content;
SET client_min_messages = warning;
SET row_security = off;

SET default_tablespace = '';

SET default_table_access_method = heap;

--
-- Name: auth_group; Type: TABLE; Schema: public; Owner: ray
--

CREATE TABLE public.auth_group (
    id integer NOT NULL,
    name character varying(150) NOT NULL
);


ALTER TABLE public.auth_group OWNER TO ray;

--
-- Name: auth_group_id_seq; Type: SEQUENCE; Schema: public; Owner: ray
--

ALTER TABLE public.auth_group ALTER COLUMN id ADD GENERATED BY DEFAULT AS IDENTITY (
    SEQUENCE NAME public.auth_group_id_seq
    START WITH 1
    INCREMENT BY 1
    NO MINVALUE
    NO MAXVALUE
    CACHE 1
);


--
-- Name: auth_group_permissions; Type: TABLE; Schema: public; Owner: ray
--

CREATE TABLE public.auth_group_permissions (
    id bigint NOT NULL,
    group_id integer NOT NULL,
    permission_id integer NOT NULL
);


ALTER TABLE public.auth_group_permissions OWNER TO ray;

--
-- Name: auth_group_permissions_id_seq; Type: SEQUENCE; Schema: public; Owner: ray
--

ALTER TABLE public.auth_group_permissions ALTER COLUMN id ADD GENERATED BY DEFAULT AS IDENTITY (
    SEQUENCE NAME public.auth_group_permissions_id_seq
    START WITH 1
    INCREMENT BY 1
    NO MINVALUE
    NO MAXVALUE
    CACHE 1
);


--
-- Name: auth_permission; Type: TABLE; Schema: public; Owner: ray
--

CREATE TABLE public.auth_permission (
    id integer NOT NULL,
    name character varying(255) NOT NULL,
    content_type_id integer NOT NULL,
    codename character varying(100) NOT NULL
);


ALTER TABLE public.auth_permission OWNER TO ray;

--
-- Name: auth_permission_id_seq; Type: SEQUENCE; Schema: public; Owner: ray
--

ALTER TABLE public.auth_permission ALTER COLUMN id ADD GENERATED BY DEFAULT AS IDENTITY (
    SEQUENCE NAME public.auth_permission_id_seq
    START WITH 1
    INCREMENT BY 1
    NO MINVALUE
    NO MAXVALUE
    CACHE 1
);


--
-- Name: auth_user; Type: TABLE; Schema: public; Owner: ray
--

CREATE TABLE public.auth_user (
    id integer NOT NULL,
    password character varying(128) NOT NULL,
    last_login timestamp with time zone,
    is_superuser boolean NOT NULL,
    username character varying(150) NOT NULL,
    first_name character varying(150) NOT NULL,
    last_name character varying(150) NOT NULL,
    email character varying(254) NOT NULL,
    is_staff boolean NOT NULL,
    is_active boolean NOT NULL,
    date_joined timestamp with time zone NOT NULL
);


ALTER TABLE public.auth_user OWNER TO ray;

--
-- Name: auth_user_groups; Type: TABLE; Schema: public; Owner: ray
--

CREATE TABLE public.auth_user_groups (
    id bigint NOT NULL,
    user_id integer NOT NULL,
    group_id integer NOT NULL
);


ALTER TABLE public.auth_user_groups OWNER TO ray;

--
-- Name: auth_user_groups_id_seq; Type: SEQUENCE; Schema: public; Owner: ray
--

ALTER TABLE public.auth_user_groups ALTER COLUMN id ADD GENERATED BY DEFAULT AS IDENTITY (
    SEQUENCE NAME public.auth_user_groups_id_seq
    START WITH 1
    INCREMENT BY 1
    NO MINVALUE
    NO MAXVALUE
    CACHE 1
);


--
-- Name: auth_user_id_seq; Type: SEQUENCE; Schema: public; Owner: ray
--

ALTER TABLE public.auth_user ALTER COLUMN id ADD GENERATED BY DEFAULT AS IDENTITY (
    SEQUENCE NAME public.auth_user_id_seq
    START WITH 1
    INCREMENT BY 1
    NO MINVALUE
    NO MAXVALUE
    CACHE 1
);


--
-- Name: auth_user_user_permissions; Type: TABLE; Schema: public; Owner: ray
--

CREATE TABLE public.auth_user_user_permissions (
    id bigint NOT NULL,
    user_id integer NOT NULL,
    permission_id integer NOT NULL
);


ALTER TABLE public.auth_user_user_permissions OWNER TO ray;

--
-- Name: auth_user_user_permissions_id_seq; Type: SEQUENCE; Schema: public; Owner: ray
--

ALTER TABLE public.auth_user_user_permissions ALTER COLUMN id ADD GENERATED BY DEFAULT AS IDENTITY (
    SEQUENCE NAME public.auth_user_user_permissions_id_seq
    START WITH 1
    INCREMENT BY 1
    NO MINVALUE
    NO MAXVALUE
    CACHE 1
);


--
-- Name: controls_progress; Type: TABLE; Schema: public; Owner: ray
--

CREATE TABLE public.controls_progress (
    id bigint NOT NULL,
    user_id integer NOT NULL,
    word_id smallint NOT NULL,
    chance smallint NOT NULL,
    CONSTRAINT controls_progress_chance_check CHECK ((chance >= 0)),
    CONSTRAINT controls_progress_user_id_fd43f200_check CHECK ((user_id >= 0)),
    CONSTRAINT controls_progress_word_id_115c2d8b_check CHECK ((word_id >= 0))
);


ALTER TABLE public.controls_progress OWNER TO ray;

--
-- Name: controls_progress_id_seq; Type: SEQUENCE; Schema: public; Owner: ray
--

ALTER TABLE public.controls_progress ALTER COLUMN id ADD GENERATED BY DEFAULT AS IDENTITY (
    SEQUENCE NAME public.controls_progress_id_seq
    START WITH 1
    INCREMENT BY 1
    NO MINVALUE
    NO MAXVALUE
    CACHE 1
);


--
-- Name: controls_sector; Type: TABLE; Schema: public; Owner: ray
--

CREATE TABLE public.controls_sector (
    id bigint NOT NULL,
    sectors character varying(20) NOT NULL
);


ALTER TABLE public.controls_sector OWNER TO ray;

--
-- Name: controls_sector_id_seq; Type: SEQUENCE; Schema: public; Owner: ray
--

ALTER TABLE public.controls_sector ALTER COLUMN id ADD GENERATED BY DEFAULT AS IDENTITY (
    SEQUENCE NAME public.controls_sector_id_seq
    START WITH 1
    INCREMENT BY 1
    NO MINVALUE
    NO MAXVALUE
    CACHE 1
);


--
-- Name: controls_word; Type: TABLE; Schema: public; Owner: ray
--

CREATE TABLE public.controls_word (
    id bigint NOT NULL,
    lang1 character varying(50) NOT NULL,
    lang2 character varying(50) NOT NULL,
    sector_id bigint
);


ALTER TABLE public.controls_word OWNER TO ray;

--
-- Name: controls_words_id_seq; Type: SEQUENCE; Schema: public; Owner: ray
--

ALTER TABLE public.controls_word ALTER COLUMN id ADD GENERATED BY DEFAULT AS IDENTITY (
    SEQUENCE NAME public.controls_words_id_seq
    START WITH 1
    INCREMENT BY 1
    NO MINVALUE
    NO MAXVALUE
    CACHE 1
);


--
-- Name: django_admin_log; Type: TABLE; Schema: public; Owner: ray
--

CREATE TABLE public.django_admin_log (
    id integer NOT NULL,
    action_time timestamp with time zone NOT NULL,
    object_id text,
    object_repr character varying(200) NOT NULL,
    action_flag smallint NOT NULL,
    change_message text NOT NULL,
    content_type_id integer,
    user_id integer NOT NULL,
    CONSTRAINT django_admin_log_action_flag_check CHECK ((action_flag >= 0))
);


ALTER TABLE public.django_admin_log OWNER TO ray;

--
-- Name: django_admin_log_id_seq; Type: SEQUENCE; Schema: public; Owner: ray
--

ALTER TABLE public.django_admin_log ALTER COLUMN id ADD GENERATED BY DEFAULT AS IDENTITY (
    SEQUENCE NAME public.django_admin_log_id_seq
    START WITH 1
    INCREMENT BY 1
    NO MINVALUE
    NO MAXVALUE
    CACHE 1
);


--
-- Name: django_content_type; Type: TABLE; Schema: public; Owner: ray
--

CREATE TABLE public.django_content_type (
    id integer NOT NULL,
    app_label character varying(100) NOT NULL,
    model character varying(100) NOT NULL
);


ALTER TABLE public.django_content_type OWNER TO ray;

--
-- Name: django_content_type_id_seq; Type: SEQUENCE; Schema: public; Owner: ray
--

ALTER TABLE public.django_content_type ALTER COLUMN id ADD GENERATED BY DEFAULT AS IDENTITY (
    SEQUENCE NAME public.django_content_type_id_seq
    START WITH 1
    INCREMENT BY 1
    NO MINVALUE
    NO MAXVALUE
    CACHE 1
);


--
-- Name: django_migrations; Type: TABLE; Schema: public; Owner: ray
--

CREATE TABLE public.django_migrations (
    id bigint NOT NULL,
    app character varying(255) NOT NULL,
    name character varying(255) NOT NULL,
    applied timestamp with time zone NOT NULL
);


ALTER TABLE public.django_migrations OWNER TO ray;

--
-- Name: django_migrations_id_seq; Type: SEQUENCE; Schema: public; Owner: ray
--

ALTER TABLE public.django_migrations ALTER COLUMN id ADD GENERATED BY DEFAULT AS IDENTITY (
    SEQUENCE NAME public.django_migrations_id_seq
    START WITH 1
    INCREMENT BY 1
    NO MINVALUE
    NO MAXVALUE
    CACHE 1
);


--
-- Name: django_session; Type: TABLE; Schema: public; Owner: ray
--

CREATE TABLE public.django_session (
    session_key character varying(40) NOT NULL,
    session_data text NOT NULL,
    expire_date timestamp with time zone NOT NULL
);


ALTER TABLE public.django_session OWNER TO ray;

--
-- Data for Name: auth_group; Type: TABLE DATA; Schema: public; Owner: ray
--

COPY public.auth_group (id, name) FROM stdin;
1	Gamers
\.


--
-- Data for Name: auth_group_permissions; Type: TABLE DATA; Schema: public; Owner: ray
--

COPY public.auth_group_permissions (id, group_id, permission_id) FROM stdin;
\.


--
-- Data for Name: auth_permission; Type: TABLE DATA; Schema: public; Owner: ray
--

COPY public.auth_permission (id, name, content_type_id, codename) FROM stdin;
1	Can add log entry	1	add_logentry
2	Can change log entry	1	change_logentry
3	Can delete log entry	1	delete_logentry
4	Can view log entry	1	view_logentry
5	Can add permission	2	add_permission
6	Can change permission	2	change_permission
7	Can delete permission	2	delete_permission
8	Can view permission	2	view_permission
9	Can add group	3	add_group
10	Can change group	3	change_group
11	Can delete group	3	delete_group
12	Can view group	3	view_group
13	Can add user	4	add_user
14	Can change user	4	change_user
15	Can delete user	4	delete_user
16	Can view user	4	view_user
17	Can add content type	5	add_contenttype
18	Can change content type	5	change_contenttype
19	Can delete content type	5	delete_contenttype
20	Can view content type	5	view_contenttype
21	Can add session	6	add_session
22	Can change session	6	change_session
23	Can delete session	6	delete_session
24	Can view session	6	view_session
25	Can add words	7	add_words
26	Can change words	7	change_words
27	Can delete words	7	delete_words
28	Can view words	7	view_words
29	Can add sector	8	add_sector
30	Can change sector	8	change_sector
31	Can delete sector	8	delete_sector
32	Can view sector	8	view_sector
33	Can add word	7	add_word
34	Can change word	7	change_word
35	Can delete word	7	delete_word
36	Can view word	7	view_word
37	Can add progress	9	add_progress
38	Can change progress	9	change_progress
39	Can delete progress	9	delete_progress
40	Can view progress	9	view_progress
\.


--
-- Data for Name: auth_user; Type: TABLE DATA; Schema: public; Owner: ray
--

COPY public.auth_user (id, password, last_login, is_superuser, username, first_name, last_name, email, is_staff, is_active, date_joined) FROM stdin;
3	pbkdf2_sha256$600000$z2omYeOrEwrTEJKwVKPEKD$7pOyZjj3x6Px0fXrYqPXu8/fcuQVy5pZ6OSdXx5pGBE=	2023-07-20 13:23:21.27163+00	f	Ray Snatch			ray.snatch@gmail.com	f	t	2023-07-20 13:14:50.067752+00
1	pbkdf2_sha256$600000$MlNVXZuediTOD0KpWcXskF$Fh5HU5631pvgr5Yi/EInM5nZHH3bgj+91UacZBYCRNc=	2023-08-01 07:04:16.636658+00	t	ray			rayvik014@gmail.com	t	t	2023-07-03 08:02:47.60494+00
\.


--
-- Data for Name: auth_user_groups; Type: TABLE DATA; Schema: public; Owner: ray
--

COPY public.auth_user_groups (id, user_id, group_id) FROM stdin;
1	3	1
\.


--
-- Data for Name: auth_user_user_permissions; Type: TABLE DATA; Schema: public; Owner: ray
--

COPY public.auth_user_user_permissions (id, user_id, permission_id) FROM stdin;
\.


--
-- Data for Name: controls_progress; Type: TABLE DATA; Schema: public; Owner: ray
--

COPY public.controls_progress (id, user_id, word_id, chance) FROM stdin;
134	1	11	80
135	1	13	80
137	1	10	80
140	1	17	80
128	1	3	59
141	1	5	73
132	1	12	73
138	1	6	73
136	1	14	73
130	1	2	52
143	1	15	80
144	1	7	80
133	1	9	73
139	1	8	80
142	1	4	73
131	1	16	66
129	1	1	80
\.


--
-- Data for Name: controls_sector; Type: TABLE DATA; Schema: public; Owner: ray
--

COPY public.controls_sector (id, sectors) FROM stdin;
1	Colors
2	Numbers
\.


--
-- Data for Name: controls_word; Type: TABLE DATA; Schema: public; Owner: ray
--

COPY public.controls_word (id, lang1, lang2, sector_id) FROM stdin;
1	Red	Красный	1
2	Green	Зеленый	1
3	Ten	Десять	2
4	Yellow	Желтый	1
5	Blue	Голубой	1
6	Dark blue	Синий	1
7	Black	Черный	1
8	White	Белый	1
9	One	Один	2
10	Two	Два	2
11	Three	Три	2
12	Four	Четыре	2
13	Five	Пять	2
14	Six	Шесть	2
15	Seven	Семь	2
16	Eight	Восемь	2
17	Nine	Девять	2
\.


--
-- Data for Name: django_admin_log; Type: TABLE DATA; Schema: public; Owner: ray
--

COPY public.django_admin_log (id, action_time, object_id, object_repr, action_flag, change_message, content_type_id, user_id) FROM stdin;
1	2023-07-04 07:25:42.847705+00	1	Colors	1	[{"added": {}}]	8	1
2	2023-07-04 07:41:40.416345+00	2	Numbers	1	[{"added": {}}]	8	1
3	2023-07-04 07:46:31.642824+00	1	Red	1	[{"added": {}}]	7	1
4	2023-07-04 07:46:56.747671+00	2	Green	1	[{"added": {}}]	7	1
5	2023-07-04 07:47:20.071169+00	3	Ten	1	[{"added": {}}]	7	1
6	2023-07-04 08:47:07.122244+00	1	Gamers	1	[{"added": {}}]	3	1
7	2023-07-06 12:59:23.852851+00	23	Progress object (23)	3		9	1
8	2023-07-06 12:59:23.858089+00	22	Progress object (22)	3		9	1
9	2023-07-06 12:59:23.859473+00	21	Progress object (21)	3		9	1
10	2023-07-06 12:59:23.861812+00	20	Progress object (20)	3		9	1
11	2023-07-06 12:59:23.863101+00	19	Progress object (19)	3		9	1
12	2023-07-06 12:59:23.86542+00	18	Progress object (18)	3		9	1
13	2023-07-06 12:59:23.866739+00	17	Progress object (17)	3		9	1
14	2023-07-06 12:59:23.869211+00	16	Progress object (16)	3		9	1
15	2023-07-06 12:59:23.870472+00	15	Progress object (15)	3		9	1
16	2023-07-06 12:59:23.872688+00	14	Progress object (14)	3		9	1
17	2023-07-06 12:59:23.873856+00	13	Progress object (13)	3		9	1
18	2023-07-06 12:59:23.876051+00	12	Progress object (12)	3		9	1
19	2023-07-06 12:59:23.877216+00	11	Progress object (11)	3		9	1
20	2023-07-06 12:59:23.879477+00	10	Progress object (10)	3		9	1
21	2023-07-06 12:59:23.880764+00	9	Progress object (9)	3		9	1
22	2023-07-06 12:59:23.883013+00	8	Progress object (8)	3		9	1
23	2023-07-06 12:59:23.884452+00	7	Progress object (7)	3		9	1
24	2023-07-06 12:59:23.886791+00	6	Progress object (6)	3		9	1
25	2023-07-06 12:59:23.88797+00	5	Progress object (5)	3		9	1
26	2023-07-06 12:59:23.890163+00	4	Progress object (4)	3		9	1
27	2023-07-06 12:59:23.891315+00	3	Progress object (3)	3		9	1
28	2023-07-06 12:59:23.89352+00	2	Progress object (2)	3		9	1
29	2023-07-06 12:59:23.894665+00	1	Progress object (1)	3		9	1
30	2023-07-06 13:59:53.080585+00	28	Progress object (28)	3		9	1
31	2023-07-06 13:59:53.085444+00	27	Progress object (27)	3		9	1
32	2023-07-06 13:59:53.08688+00	26	Progress object (26)	3		9	1
33	2023-07-06 13:59:53.089375+00	25	Progress object (25)	3		9	1
34	2023-07-06 13:59:53.090829+00	24	Progress object (24)	3		9	1
35	2023-07-06 14:03:32.436599+00	31	Progress object (31)	3		9	1
36	2023-07-06 14:03:32.440078+00	30	Progress object (30)	3		9	1
37	2023-07-06 14:03:32.441406+00	29	Progress object (29)	3		9	1
38	2023-07-07 07:04:45.566851+00	32	Progress object (32)	3		9	1
39	2023-07-07 07:48:24.143083+00	35	Progress object (35)	3		9	1
40	2023-07-07 07:48:24.149079+00	34	Progress object (34)	3		9	1
41	2023-07-07 07:48:24.150658+00	33	Progress object (33)	3		9	1
42	2023-07-07 08:07:22.966224+00	44	Progress object (44)	3		9	1
43	2023-07-07 08:07:22.968851+00	43	Progress object (43)	3		9	1
44	2023-07-07 08:07:22.971302+00	42	Progress object (42)	3		9	1
45	2023-07-07 08:07:22.972609+00	41	Progress object (41)	3		9	1
46	2023-07-07 08:07:22.974961+00	40	Progress object (40)	3		9	1
47	2023-07-07 08:07:22.976264+00	39	Progress object (39)	3		9	1
48	2023-07-07 08:07:22.978702+00	38	Progress object (38)	3		9	1
49	2023-07-07 08:07:22.979896+00	37	Progress object (37)	3		9	1
50	2023-07-07 08:07:22.982224+00	36	Progress object (36)	3		9	1
51	2023-07-07 08:08:37.02684+00	50	Progress object (50)	3		9	1
52	2023-07-07 08:08:37.030389+00	49	Progress object (49)	3		9	1
53	2023-07-07 08:08:37.031854+00	48	Progress object (48)	3		9	1
54	2023-07-07 08:08:37.034232+00	47	Progress object (47)	3		9	1
55	2023-07-07 08:08:37.035473+00	46	Progress object (46)	3		9	1
56	2023-07-07 08:08:37.037778+00	45	Progress object (45)	3		9	1
57	2023-07-07 08:15:31.012876+00	52	Progress object (52)	3		9	1
58	2023-07-07 08:15:31.015655+00	51	Progress object (51)	3		9	1
59	2023-07-07 08:16:01.874619+00	59	Progress object (59)	3		9	1
60	2023-07-07 08:16:01.878381+00	58	Progress object (58)	3		9	1
61	2023-07-07 08:16:01.880152+00	57	Progress object (57)	3		9	1
62	2023-07-07 08:16:01.88266+00	56	Progress object (56)	3		9	1
63	2023-07-07 08:16:01.884021+00	55	Progress object (55)	3		9	1
64	2023-07-07 08:16:01.886479+00	54	Progress object (54)	3		9	1
65	2023-07-07 08:16:01.888844+00	53	Progress object (53)	3		9	1
66	2023-07-07 11:27:44.336797+00	62	Progress object (62)	3		9	1
67	2023-07-07 11:27:44.341292+00	61	Progress object (61)	3		9	1
68	2023-07-07 11:27:44.342734+00	60	Progress object (60)	3		9	1
69	2023-07-07 13:30:14.749209+00	63	Progress object (63)	3		9	1
70	2023-07-09 13:44:45.568932+00	64	Progress object (64)	3		9	1
71	2023-07-10 11:49:24.393768+00	65	Progress object (65)	3		9	1
72	2023-07-13 13:07:27.82488+00	68	Progress object (68)	3		9	1
73	2023-07-13 13:07:27.83621+00	67	Progress object (67)	3		9	1
74	2023-07-13 13:07:27.837082+00	66	Progress object (66)	3		9	1
75	2023-07-13 13:09:58.420811+00	71	Progress object (71)	3		9	1
76	2023-07-13 13:09:58.423852+00	70	Progress object (70)	3		9	1
77	2023-07-13 13:09:58.426486+00	69	Progress object (69)	3		9	1
78	2023-07-13 13:12:19.107669+00	74	Progress object (74)	3		9	1
79	2023-07-13 13:12:19.109705+00	73	Progress object (73)	3		9	1
80	2023-07-13 13:12:19.111814+00	72	Progress object (72)	3		9	1
81	2023-07-13 13:17:47.498717+00	77	Progress object (77)	3		9	1
82	2023-07-13 13:17:47.503272+00	76	Progress object (76)	3		9	1
83	2023-07-13 13:17:47.505477+00	75	Progress object (75)	3		9	1
84	2023-07-13 13:18:38.498159+00	80	Progress object (80)	3		9	1
85	2023-07-13 13:18:38.500959+00	79	Progress object (79)	3		9	1
86	2023-07-13 13:18:38.503618+00	78	Progress object (78)	3		9	1
87	2023-07-13 13:19:13.41146+00	83	Progress object (83)	3		9	1
88	2023-07-13 13:19:13.414269+00	82	Progress object (82)	3		9	1
89	2023-07-13 13:19:13.415438+00	81	Progress object (81)	3		9	1
90	2023-07-13 13:20:48.489928+00	86	Progress object (86)	3		9	1
91	2023-07-13 13:20:48.492186+00	85	Progress object (85)	3		9	1
92	2023-07-13 13:20:48.494459+00	84	Progress object (84)	3		9	1
93	2023-07-13 13:21:21.325818+00	89	Progress object (89)	3		9	1
94	2023-07-13 13:21:21.329495+00	88	Progress object (88)	3		9	1
95	2023-07-13 13:21:21.331055+00	87	Progress object (87)	3		9	1
96	2023-07-13 13:22:18.384523+00	92	Progress object (92)	3		9	1
97	2023-07-13 13:22:18.386801+00	91	Progress object (91)	3		9	1
98	2023-07-13 13:22:18.389127+00	90	Progress object (90)	3		9	1
99	2023-07-13 13:23:16.629+00	95	Progress object (95)	3		9	1
100	2023-07-13 13:23:16.631833+00	94	Progress object (94)	3		9	1
101	2023-07-13 13:23:16.632904+00	93	Progress object (93)	3		9	1
102	2023-07-13 13:25:22.539612+00	98	Progress object (98)	3		9	1
103	2023-07-13 13:25:22.542259+00	97	Progress object (97)	3		9	1
104	2023-07-13 13:25:22.544767+00	96	Progress object (96)	3		9	1
105	2023-07-13 13:26:48.291798+00	101	Progress object (101)	3		9	1
106	2023-07-13 13:26:48.294378+00	100	Progress object (100)	3		9	1
107	2023-07-13 13:26:48.296115+00	99	Progress object (99)	3		9	1
108	2023-07-13 13:30:42.785651+00	104	Progress object (104)	3		9	1
109	2023-07-13 13:30:42.788231+00	103	Progress object (103)	3		9	1
110	2023-07-13 13:30:42.79095+00	102	Progress object (102)	3		9	1
111	2023-07-13 13:33:24.729431+00	107	Progress object (107)	3		9	1
112	2023-07-13 13:33:24.730935+00	106	Progress object (106)	3		9	1
113	2023-07-13 13:33:24.732796+00	105	Progress object (105)	3		9	1
114	2023-07-13 13:36:44.055838+00	110	Progress object (110)	3		9	1
115	2023-07-13 13:36:44.058889+00	109	Progress object (109)	3		9	1
116	2023-07-13 13:36:44.061019+00	108	Progress object (108)	3		9	1
117	2023-07-13 13:57:56.624008+00	113	Progress object (113)	3		9	1
118	2023-07-13 13:57:56.627065+00	112	Progress object (112)	3		9	1
119	2023-07-13 13:57:56.631138+00	111	Progress object (111)	3		9	1
120	2023-07-13 14:10:12.121048+00	114	Progress object (114)	3		9	1
121	2023-07-15 13:46:00.189654+00	117	Progress object (117)	3		9	1
122	2023-07-15 13:46:00.197457+00	116	Progress object (116)	3		9	1
123	2023-07-15 13:46:00.198564+00	115	Progress object (115)	3		9	1
124	2023-07-15 14:12:46.720655+00	120	Progress object (120)	3		9	1
125	2023-07-15 14:12:46.723846+00	119	Progress object (119)	3		9	1
126	2023-07-15 14:12:46.72517+00	118	Progress object (118)	3		9	1
127	2023-07-16 11:56:53.791235+00	123	Progress object (123)	3		9	1
128	2023-07-16 11:56:53.797877+00	122	Progress object (122)	3		9	1
129	2023-07-16 11:56:53.798986+00	121	Progress object (121)	3		9	1
130	2023-07-16 11:59:15.085447+00	126	Progress object (126)	3		9	1
131	2023-07-16 11:59:15.088043+00	125	Progress object (125)	3		9	1
132	2023-07-16 11:59:15.090459+00	124	Progress object (124)	3		9	1
133	2023-07-19 13:43:20.413524+00	127	Progress object (127)	3		9	1
134	2023-07-20 13:10:36.997096+00	2	Rayvik	3		4	1
135	2023-08-03 10:34:06.675119+00	4	Yellow	1	[{"added": {}}]	7	1
136	2023-08-03 10:35:03.887073+00	5	Blue	1	[{"added": {}}]	7	1
137	2023-08-03 10:36:13.254669+00	6	Dark blue	1	[{"added": {}}]	7	1
138	2023-08-03 10:36:35.492243+00	7	Black	1	[{"added": {}}]	7	1
139	2023-08-03 10:36:51.57309+00	8	White	1	[{"added": {}}]	7	1
140	2023-08-03 10:37:22.352265+00	9	One	1	[{"added": {}}]	7	1
141	2023-08-03 10:37:36.074023+00	10	Two	1	[{"added": {}}]	7	1
142	2023-08-03 10:37:47.164082+00	11	Three	1	[{"added": {}}]	7	1
143	2023-08-03 10:38:01.691354+00	12	Four	1	[{"added": {}}]	7	1
144	2023-08-03 10:38:12.963434+00	13	Five	1	[{"added": {}}]	7	1
145	2023-08-03 10:38:27.282347+00	14	Six	1	[{"added": {}}]	7	1
146	2023-08-03 10:38:45.349459+00	15	Seven	1	[{"added": {}}]	7	1
147	2023-08-03 10:39:01.736247+00	16	Eight	1	[{"added": {}}]	7	1
148	2023-08-03 10:39:19.344107+00	17	Nine	1	[{"added": {}}]	7	1
\.


--
-- Data for Name: django_content_type; Type: TABLE DATA; Schema: public; Owner: ray
--

COPY public.django_content_type (id, app_label, model) FROM stdin;
1	admin	logentry
2	auth	permission
3	auth	group
4	auth	user
5	contenttypes	contenttype
6	sessions	session
8	controls	sector
7	controls	word
9	controls	progress
\.


--
-- Data for Name: django_migrations; Type: TABLE DATA; Schema: public; Owner: ray
--

COPY public.django_migrations (id, app, name, applied) FROM stdin;
1	contenttypes	0001_initial	2023-07-03 08:01:47.975021+00
2	auth	0001_initial	2023-07-03 08:01:48.06257+00
3	admin	0001_initial	2023-07-03 08:01:48.096189+00
4	admin	0002_logentry_remove_auto_add	2023-07-03 08:01:48.111843+00
5	admin	0003_logentry_add_action_flag_choices	2023-07-03 08:01:48.126321+00
6	contenttypes	0002_remove_content_type_name	2023-07-03 08:01:48.151911+00
7	auth	0002_alter_permission_name_max_length	2023-07-03 08:01:48.16653+00
8	auth	0003_alter_user_email_max_length	2023-07-03 08:01:48.180136+00
9	auth	0004_alter_user_username_opts	2023-07-03 08:01:48.193911+00
10	auth	0005_alter_user_last_login_null	2023-07-03 08:01:48.207273+00
11	auth	0006_require_contenttypes_0002	2023-07-03 08:01:48.211643+00
12	auth	0007_alter_validators_add_error_messages	2023-07-03 08:01:48.226771+00
13	auth	0008_alter_user_username_max_length	2023-07-03 08:01:48.242734+00
14	auth	0009_alter_user_last_name_max_length	2023-07-03 08:01:48.25485+00
15	auth	0010_alter_group_name_max_length	2023-07-03 08:01:48.267124+00
16	auth	0011_update_proxy_permissions	2023-07-03 08:01:48.279991+00
17	auth	0012_alter_user_first_name_max_length	2023-07-03 08:01:48.293948+00
18	sessions	0001_initial	2023-07-03 08:01:48.313879+00
19	controls	0001_initial	2023-07-03 11:49:08.050184+00
20	controls	0002_rename_words_word	2023-07-03 11:54:56.849478+00
21	controls	0003_progress	2023-07-04 13:19:58.856838+00
22	controls	0004_remove_progress_user_id_remove_progress_word_id	2023-07-06 11:53:05.099754+00
23	controls	0005_progress_user_id_progress_word_id	2023-07-06 12:09:10.54429+00
24	controls	0006_progress_chance_alter_progress_user_id_and_more	2023-07-06 12:27:00.151986+00
\.


--
-- Data for Name: django_session; Type: TABLE DATA; Schema: public; Owner: ray
--

COPY public.django_session (session_key, session_data, expire_date) FROM stdin;
5ed9womlprr8ixghhvxtymha5df6ypkh	.eJxVjMsOwiAUBf-FtSEI5eXSvd9A7gOkamhS2pXx322TLnR7Zua8RYJ1qWnteU4ji4s4i9PvhkDP3HbAD2j3SdLUlnlEuSvyoF3eJs6v6-H-HVTodasHNujIU9QuYmBmAzpidmWIBjeolPXgoRjtDUVCGzLnqEIo2lHwVny-9DQ4IA:1qJZlh:9ZqhLmP6k6p22EVCwMVhs4U0zYPR0z0I3tgYxSQTlo0	2023-07-26 13:20:33.381093+00
j7oszayabiefmqsr47zy5uwqhhkq3ann	.eJxVy8sKwjAQheF3yVpKTJrLuBR8jjIzmZBgbaFpdSG-uxVc6PZ853-qAbe1DFuTZahJndRRHX43Qr7K9AGep3WZx9bdqzxad7lhHc9f_UsKtrL_-2TJc2AwHiimlCwaIPG5B0s7au0CBszWBMvA5KIkAR1jNp5jcOr1BrXjMww:1qQjQW:r2qNyM2-BJ-rrnnTAU3S3LF8VSaH8wwFxvTBTN0-CWY	2023-08-15 07:04:16.642047+00
bvhey2ilsqqxoqau4a8jm7slvmjng4dq	.eJxVy8sKwjAQheF3yVpKTJrLuBR8jjIzmZBgbaFpdSG-uxVc6PZ853-qAbe1DFuTZahJndRRHX43Qr7K9AGep3WZx9bdqzxad7lhHc9f_UsKtrL_-2TJc2AwHiimlCwaIPG5B0s7au0CBszWBMvA5KIkAR1jNp5jcOr1BrXjMww:1qMNVT:91LnBw2u8ZROQz2cq05pzQQQ1tEtxXR-X0icAeoGouY	2023-08-03 06:51:23.775252+00
pv7jp4n16wqrqaqiavc2ll4bfxcnlvya	.eJxVy8sKwjAQheF3yVpKTJrLuBR8jjIzmZBgbaFpdSG-uxVc6PZ853-qAbe1DFuTZahJndRRHX43Qr7K9AGep3WZx9bdqzxad7lhHc9f_UsKtrL_-2TJc2AwHiimlCwaIPG5B0s7au0CBszWBMvA5KIkAR1jNp5jcOr1BrXjMww:1qMNWl:PSwJgYqgkrRIuaLGy9Qec7Bw3fW4HTfo7rNnibignHQ	2023-08-03 06:52:43.37528+00
\.


--
-- Name: auth_group_id_seq; Type: SEQUENCE SET; Schema: public; Owner: ray
--

SELECT pg_catalog.setval('public.auth_group_id_seq', 1, true);


--
-- Name: auth_group_permissions_id_seq; Type: SEQUENCE SET; Schema: public; Owner: ray
--

SELECT pg_catalog.setval('public.auth_group_permissions_id_seq', 1, false);


--
-- Name: auth_permission_id_seq; Type: SEQUENCE SET; Schema: public; Owner: ray
--

SELECT pg_catalog.setval('public.auth_permission_id_seq', 40, true);


--
-- Name: auth_user_groups_id_seq; Type: SEQUENCE SET; Schema: public; Owner: ray
--

SELECT pg_catalog.setval('public.auth_user_groups_id_seq', 1, true);


--
-- Name: auth_user_id_seq; Type: SEQUENCE SET; Schema: public; Owner: ray
--

SELECT pg_catalog.setval('public.auth_user_id_seq', 3, true);


--
-- Name: auth_user_user_permissions_id_seq; Type: SEQUENCE SET; Schema: public; Owner: ray
--

SELECT pg_catalog.setval('public.auth_user_user_permissions_id_seq', 1, false);


--
-- Name: controls_progress_id_seq; Type: SEQUENCE SET; Schema: public; Owner: ray
--

SELECT pg_catalog.setval('public.controls_progress_id_seq', 144, true);


--
-- Name: controls_sector_id_seq; Type: SEQUENCE SET; Schema: public; Owner: ray
--

SELECT pg_catalog.setval('public.controls_sector_id_seq', 2, true);


--
-- Name: controls_words_id_seq; Type: SEQUENCE SET; Schema: public; Owner: ray
--

SELECT pg_catalog.setval('public.controls_words_id_seq', 17, true);


--
-- Name: django_admin_log_id_seq; Type: SEQUENCE SET; Schema: public; Owner: ray
--

SELECT pg_catalog.setval('public.django_admin_log_id_seq', 148, true);


--
-- Name: django_content_type_id_seq; Type: SEQUENCE SET; Schema: public; Owner: ray
--

SELECT pg_catalog.setval('public.django_content_type_id_seq', 9, true);


--
-- Name: django_migrations_id_seq; Type: SEQUENCE SET; Schema: public; Owner: ray
--

SELECT pg_catalog.setval('public.django_migrations_id_seq', 24, true);


--
-- Name: auth_group auth_group_name_key; Type: CONSTRAINT; Schema: public; Owner: ray
--

ALTER TABLE ONLY public.auth_group
    ADD CONSTRAINT auth_group_name_key UNIQUE (name);


--
-- Name: auth_group_permissions auth_group_permissions_group_id_permission_id_0cd325b0_uniq; Type: CONSTRAINT; Schema: public; Owner: ray
--

ALTER TABLE ONLY public.auth_group_permissions
    ADD CONSTRAINT auth_group_permissions_group_id_permission_id_0cd325b0_uniq UNIQUE (group_id, permission_id);


--
-- Name: auth_group_permissions auth_group_permissions_pkey; Type: CONSTRAINT; Schema: public; Owner: ray
--

ALTER TABLE ONLY public.auth_group_permissions
    ADD CONSTRAINT auth_group_permissions_pkey PRIMARY KEY (id);


--
-- Name: auth_group auth_group_pkey; Type: CONSTRAINT; Schema: public; Owner: ray
--

ALTER TABLE ONLY public.auth_group
    ADD CONSTRAINT auth_group_pkey PRIMARY KEY (id);


--
-- Name: auth_permission auth_permission_content_type_id_codename_01ab375a_uniq; Type: CONSTRAINT; Schema: public; Owner: ray
--

ALTER TABLE ONLY public.auth_permission
    ADD CONSTRAINT auth_permission_content_type_id_codename_01ab375a_uniq UNIQUE (content_type_id, codename);


--
-- Name: auth_permission auth_permission_pkey; Type: CONSTRAINT; Schema: public; Owner: ray
--

ALTER TABLE ONLY public.auth_permission
    ADD CONSTRAINT auth_permission_pkey PRIMARY KEY (id);


--
-- Name: auth_user_groups auth_user_groups_pkey; Type: CONSTRAINT; Schema: public; Owner: ray
--

ALTER TABLE ONLY public.auth_user_groups
    ADD CONSTRAINT auth_user_groups_pkey PRIMARY KEY (id);


--
-- Name: auth_user_groups auth_user_groups_user_id_group_id_94350c0c_uniq; Type: CONSTRAINT; Schema: public; Owner: ray
--

ALTER TABLE ONLY public.auth_user_groups
    ADD CONSTRAINT auth_user_groups_user_id_group_id_94350c0c_uniq UNIQUE (user_id, group_id);


--
-- Name: auth_user auth_user_pkey; Type: CONSTRAINT; Schema: public; Owner: ray
--

ALTER TABLE ONLY public.auth_user
    ADD CONSTRAINT auth_user_pkey PRIMARY KEY (id);


--
-- Name: auth_user_user_permissions auth_user_user_permissions_pkey; Type: CONSTRAINT; Schema: public; Owner: ray
--

ALTER TABLE ONLY public.auth_user_user_permissions
    ADD CONSTRAINT auth_user_user_permissions_pkey PRIMARY KEY (id);


--
-- Name: auth_user_user_permissions auth_user_user_permissions_user_id_permission_id_14a6b632_uniq; Type: CONSTRAINT; Schema: public; Owner: ray
--

ALTER TABLE ONLY public.auth_user_user_permissions
    ADD CONSTRAINT auth_user_user_permissions_user_id_permission_id_14a6b632_uniq UNIQUE (user_id, permission_id);


--
-- Name: auth_user auth_user_username_key; Type: CONSTRAINT; Schema: public; Owner: ray
--

ALTER TABLE ONLY public.auth_user
    ADD CONSTRAINT auth_user_username_key UNIQUE (username);


--
-- Name: controls_progress controls_progress_pkey; Type: CONSTRAINT; Schema: public; Owner: ray
--

ALTER TABLE ONLY public.controls_progress
    ADD CONSTRAINT controls_progress_pkey PRIMARY KEY (id);


--
-- Name: controls_sector controls_sector_pkey; Type: CONSTRAINT; Schema: public; Owner: ray
--

ALTER TABLE ONLY public.controls_sector
    ADD CONSTRAINT controls_sector_pkey PRIMARY KEY (id);


--
-- Name: controls_word controls_words_pkey; Type: CONSTRAINT; Schema: public; Owner: ray
--

ALTER TABLE ONLY public.controls_word
    ADD CONSTRAINT controls_words_pkey PRIMARY KEY (id);


--
-- Name: django_admin_log django_admin_log_pkey; Type: CONSTRAINT; Schema: public; Owner: ray
--

ALTER TABLE ONLY public.django_admin_log
    ADD CONSTRAINT django_admin_log_pkey PRIMARY KEY (id);


--
-- Name: django_content_type django_content_type_app_label_model_76bd3d3b_uniq; Type: CONSTRAINT; Schema: public; Owner: ray
--

ALTER TABLE ONLY public.django_content_type
    ADD CONSTRAINT django_content_type_app_label_model_76bd3d3b_uniq UNIQUE (app_label, model);


--
-- Name: django_content_type django_content_type_pkey; Type: CONSTRAINT; Schema: public; Owner: ray
--

ALTER TABLE ONLY public.django_content_type
    ADD CONSTRAINT django_content_type_pkey PRIMARY KEY (id);


--
-- Name: django_migrations django_migrations_pkey; Type: CONSTRAINT; Schema: public; Owner: ray
--

ALTER TABLE ONLY public.django_migrations
    ADD CONSTRAINT django_migrations_pkey PRIMARY KEY (id);


--
-- Name: django_session django_session_pkey; Type: CONSTRAINT; Schema: public; Owner: ray
--

ALTER TABLE ONLY public.django_session
    ADD CONSTRAINT django_session_pkey PRIMARY KEY (session_key);


--
-- Name: auth_group_name_a6ea08ec_like; Type: INDEX; Schema: public; Owner: ray
--

CREATE INDEX auth_group_name_a6ea08ec_like ON public.auth_group USING btree (name varchar_pattern_ops);


--
-- Name: auth_group_permissions_group_id_b120cbf9; Type: INDEX; Schema: public; Owner: ray
--

CREATE INDEX auth_group_permissions_group_id_b120cbf9 ON public.auth_group_permissions USING btree (group_id);


--
-- Name: auth_group_permissions_permission_id_84c5c92e; Type: INDEX; Schema: public; Owner: ray
--

CREATE INDEX auth_group_permissions_permission_id_84c5c92e ON public.auth_group_permissions USING btree (permission_id);


--
-- Name: auth_permission_content_type_id_2f476e4b; Type: INDEX; Schema: public; Owner: ray
--

CREATE INDEX auth_permission_content_type_id_2f476e4b ON public.auth_permission USING btree (content_type_id);


--
-- Name: auth_user_groups_group_id_97559544; Type: INDEX; Schema: public; Owner: ray
--

CREATE INDEX auth_user_groups_group_id_97559544 ON public.auth_user_groups USING btree (group_id);


--
-- Name: auth_user_groups_user_id_6a12ed8b; Type: INDEX; Schema: public; Owner: ray
--

CREATE INDEX auth_user_groups_user_id_6a12ed8b ON public.auth_user_groups USING btree (user_id);


--
-- Name: auth_user_user_permissions_permission_id_1fbb5f2c; Type: INDEX; Schema: public; Owner: ray
--

CREATE INDEX auth_user_user_permissions_permission_id_1fbb5f2c ON public.auth_user_user_permissions USING btree (permission_id);


--
-- Name: auth_user_user_permissions_user_id_a95ead1b; Type: INDEX; Schema: public; Owner: ray
--

CREATE INDEX auth_user_user_permissions_user_id_a95ead1b ON public.auth_user_user_permissions USING btree (user_id);


--
-- Name: auth_user_username_6821ab7c_like; Type: INDEX; Schema: public; Owner: ray
--

CREATE INDEX auth_user_username_6821ab7c_like ON public.auth_user USING btree (username varchar_pattern_ops);


--
-- Name: controls_sector_sectors_1d520721; Type: INDEX; Schema: public; Owner: ray
--

CREATE INDEX controls_sector_sectors_1d520721 ON public.controls_sector USING btree (sectors);


--
-- Name: controls_sector_sectors_1d520721_like; Type: INDEX; Schema: public; Owner: ray
--

CREATE INDEX controls_sector_sectors_1d520721_like ON public.controls_sector USING btree (sectors varchar_pattern_ops);


--
-- Name: controls_words_sector_id_5942971b; Type: INDEX; Schema: public; Owner: ray
--

CREATE INDEX controls_words_sector_id_5942971b ON public.controls_word USING btree (sector_id);


--
-- Name: django_admin_log_content_type_id_c4bce8eb; Type: INDEX; Schema: public; Owner: ray
--

CREATE INDEX django_admin_log_content_type_id_c4bce8eb ON public.django_admin_log USING btree (content_type_id);


--
-- Name: django_admin_log_user_id_c564eba6; Type: INDEX; Schema: public; Owner: ray
--

CREATE INDEX django_admin_log_user_id_c564eba6 ON public.django_admin_log USING btree (user_id);


--
-- Name: django_session_expire_date_a5c62663; Type: INDEX; Schema: public; Owner: ray
--

CREATE INDEX django_session_expire_date_a5c62663 ON public.django_session USING btree (expire_date);


--
-- Name: django_session_session_key_c0390e0f_like; Type: INDEX; Schema: public; Owner: ray
--

CREATE INDEX django_session_session_key_c0390e0f_like ON public.django_session USING btree (session_key varchar_pattern_ops);


--
-- Name: auth_group_permissions auth_group_permissio_permission_id_84c5c92e_fk_auth_perm; Type: FK CONSTRAINT; Schema: public; Owner: ray
--

ALTER TABLE ONLY public.auth_group_permissions
    ADD CONSTRAINT auth_group_permissio_permission_id_84c5c92e_fk_auth_perm FOREIGN KEY (permission_id) REFERENCES public.auth_permission(id) DEFERRABLE INITIALLY DEFERRED;


--
-- Name: auth_group_permissions auth_group_permissions_group_id_b120cbf9_fk_auth_group_id; Type: FK CONSTRAINT; Schema: public; Owner: ray
--

ALTER TABLE ONLY public.auth_group_permissions
    ADD CONSTRAINT auth_group_permissions_group_id_b120cbf9_fk_auth_group_id FOREIGN KEY (group_id) REFERENCES public.auth_group(id) DEFERRABLE INITIALLY DEFERRED;


--
-- Name: auth_permission auth_permission_content_type_id_2f476e4b_fk_django_co; Type: FK CONSTRAINT; Schema: public; Owner: ray
--

ALTER TABLE ONLY public.auth_permission
    ADD CONSTRAINT auth_permission_content_type_id_2f476e4b_fk_django_co FOREIGN KEY (content_type_id) REFERENCES public.django_content_type(id) DEFERRABLE INITIALLY DEFERRED;


--
-- Name: auth_user_groups auth_user_groups_group_id_97559544_fk_auth_group_id; Type: FK CONSTRAINT; Schema: public; Owner: ray
--

ALTER TABLE ONLY public.auth_user_groups
    ADD CONSTRAINT auth_user_groups_group_id_97559544_fk_auth_group_id FOREIGN KEY (group_id) REFERENCES public.auth_group(id) DEFERRABLE INITIALLY DEFERRED;


--
-- Name: auth_user_groups auth_user_groups_user_id_6a12ed8b_fk_auth_user_id; Type: FK CONSTRAINT; Schema: public; Owner: ray
--

ALTER TABLE ONLY public.auth_user_groups
    ADD CONSTRAINT auth_user_groups_user_id_6a12ed8b_fk_auth_user_id FOREIGN KEY (user_id) REFERENCES public.auth_user(id) DEFERRABLE INITIALLY DEFERRED;


--
-- Name: auth_user_user_permissions auth_user_user_permi_permission_id_1fbb5f2c_fk_auth_perm; Type: FK CONSTRAINT; Schema: public; Owner: ray
--

ALTER TABLE ONLY public.auth_user_user_permissions
    ADD CONSTRAINT auth_user_user_permi_permission_id_1fbb5f2c_fk_auth_perm FOREIGN KEY (permission_id) REFERENCES public.auth_permission(id) DEFERRABLE INITIALLY DEFERRED;


--
-- Name: auth_user_user_permissions auth_user_user_permissions_user_id_a95ead1b_fk_auth_user_id; Type: FK CONSTRAINT; Schema: public; Owner: ray
--

ALTER TABLE ONLY public.auth_user_user_permissions
    ADD CONSTRAINT auth_user_user_permissions_user_id_a95ead1b_fk_auth_user_id FOREIGN KEY (user_id) REFERENCES public.auth_user(id) DEFERRABLE INITIALLY DEFERRED;


--
-- Name: controls_word controls_words_sector_id_5942971b_fk_controls_sector_id; Type: FK CONSTRAINT; Schema: public; Owner: ray
--

ALTER TABLE ONLY public.controls_word
    ADD CONSTRAINT controls_words_sector_id_5942971b_fk_controls_sector_id FOREIGN KEY (sector_id) REFERENCES public.controls_sector(id) DEFERRABLE INITIALLY DEFERRED;


--
-- Name: django_admin_log django_admin_log_content_type_id_c4bce8eb_fk_django_co; Type: FK CONSTRAINT; Schema: public; Owner: ray
--

ALTER TABLE ONLY public.django_admin_log
    ADD CONSTRAINT django_admin_log_content_type_id_c4bce8eb_fk_django_co FOREIGN KEY (content_type_id) REFERENCES public.django_content_type(id) DEFERRABLE INITIALLY DEFERRED;


--
-- Name: django_admin_log django_admin_log_user_id_c564eba6_fk_auth_user_id; Type: FK CONSTRAINT; Schema: public; Owner: ray
--

ALTER TABLE ONLY public.django_admin_log
    ADD CONSTRAINT django_admin_log_user_id_c564eba6_fk_auth_user_id FOREIGN KEY (user_id) REFERENCES public.auth_user(id) DEFERRABLE INITIALLY DEFERRED;


--
-- PostgreSQL database dump complete
--

